{
  "startingAmount": 1.153870,
  "protectedPayment": 1.088794,
  "statePensionRates": [
    0,
    5.13,
    10.26,
    15.39,
    20.53,
    25.66,
    30.79,
    35.92,
    41.05,
    46.18,
    51.31,
    56.45,
    61.58,
    66.71,
    71.84,
    76.97,
    82.10,
    87.23,
    92.37,
    97.50,
    102.63,
    107.76,
    112.89,
    118.02,
    123.15,
    128.29,
    133.42,
    138.55,
    143.68,
    148.81,
    153.94,
    159.07,
    164.21,
    169.34,
    174.47,
    179.60
  ]
}