{
  "startingAmount": 1.189527,
  "protectedPayment": 1.122547,
  "statePensionRates": [
    0,
    5.29,
    10.58,
    15.87,
    21.16,
    26.45,
    31.74,
    37.03,
    42.32,
    47.61,
    52.90,
    58.19,
    63.48,
    68.77,
    74.06,
    79.35,
    84.64,
    89.93,
    95.22,
    100.51,
    105.80,
    111.09,
    116.38,
    121.67,
    126.96,
    132.25,
    137.54,
    142.83,
    148.12,
    153.41,
    158.70,
    163.99,
    169.28,
    174.57,
    179.86,
    185.15
  ]
}