{
  "startingAmount": 1.309668,
  "protectedPayment": 1.235924,
  "statePensionRates": [
    0,
    5.82,
    11.65,
    17.47,
    23.30,
    29.12,
    34.95,
    40.77,
    46.59,
    52.42,
    58.24,
    64.07,
    69.89,
    75.72,
    81.54,
    87.36,
    93.19,
    99.01,
    104.84,
    110.66,
    116.49,
    122.31,
    128.13,
    133.96,
    139.78,
    145.61,
    151.43,
    157.26,
    163.08,
    168.90,
    174.73,
    180.55,
    186.38,
    192.20,
    198.03,
    203.85
  ]
}