{
  "startingAmount": 1.421136,
  "protectedPayment": 1.318731,
  "statePensionRates": [
    0,
    6.32,
    12.64,
    18.96,
    25.28,
    31.60,
    37.92,
    44.24,
    50.56,
    56.88,
    63.20,
    69.52,
    75.84,
    82.16,
    88.48,
    94.80,
    101.12,
    107.44,
    113.76,
    120.08,
    126.40,
    132.72,
    139.04,
    145.36,
    151.68,
    158.00,
    164.32,
    170.64,
    176.96,
    183.28,
    189.60,
    195.92,
    202.24,
    208.56,
    214.88,
    221.20
  ]
}