{
  "startingAmount": 1.479279,
  "protectedPayment": 1.341149,
  "statePensionRates": [
    0,
    6.58,
    13.16,
    19.74,
    26.31,
    32.89,
    39.47,
    46.05,
    52.63,
    59.21,
    65.79,
    72.36,
    78.94,
    85.52,
    92.10,
    98.68,
    105.26,
    111.84,
    118.41,
    124.99,
    131.57,
    138.15,
    144.73,
    151.31,
    157.89,
    164.46,
    171.04,
    177.62,
    184.20,
    190.78,
    197.36,
    203.94,
    210.51,
    217.09,
    223.67,
    230.25
  ]
}