{
  "startingAmount": 1.550271,
  "protectedPayment": 1.392113,
  "statePensionRates": [
    0,
    6.89,
    13.79,
    20.68,
    27.58,
    34.47,
    41.37,
    48.26,
    55.15,
    62.05,
    68.94,
    75.84,
    82.73,
    89.63,
    96.52,
    103.41,
    110.31,
    117.20,
    124.10,
    130.99,
    137.89,
    144.78,
    151.67,
    158.57,
    165.46,
    172.36,
    179.25,
    186.15,
    193.04,
    199.93,
    206.83,
    213.72,
    220.62,
    227.51,
    234.41,
    241.30
  ]
}